value,category,grade
abandon,awl,G12
accumulate,awl,G6
accuracy,awl,
accurate,awl,G5
acquire,awl,G6
acquisition,awl,
adapt,awl,G5
adaption,awl,
adjust,awl,G5
adjustment,awl,
adult,awl,G3
affect,awl,G2
allocate,awl,G5
alter,awl,
alternate,awl,G5
analogy,awl,G7
analysis,awl,
analyze,awl,G2
annual,awl,G5
apparent,awl,G6
append,awl,G9
approach,awl,G6
appropriate,awl,G4
approximate,awl,G3
approximately,awl,
approximation,awl,
arbitrary,awl,G7
area,awl,K
aspect,awl,G6
assemble,awl,G3
assign,awl,G6
assignment,awl,
assist,awl,G5
assistant,awl,
assume,awl,G4
attitude,awl,G5
automate,awl,G4
automatic,awl,
available,awl,G2
bias,awl,G11
bond,awl,G7
brief,awl,G7
bulk,awl,G7
capable,awl,
capacity,awl,G5
category,awl,G6
challenge,awl,G5
chapter,awl,G2
chart,awl,G4
civil,awl,G7
code,awl,G4
collapse,awl,G6
commission,awl,G5
community,awl,G4
compatible,awl,G11
compensate,awl,G7
compile,awl,G7
complement,awl,G8
complementary,awl,
complex,awl,G3
component,awl,G5
compound,awl,G6
computation,awl,
compute,awl,G2
computer,awl,G1
computing,awl,
concentrate,awl,G8
concept,awl,G5
conclude,awl,G2
conclusion,awl,
conduct,awl,G6
confer,awl,G8
conference,awl,G5
consequent,awl,
consist,awl,G5
constant,awl,G4
construct,awl,G2
construction,awl,
consume,awl,G5
context,awl,G5
contrast,awl,G5
contribute,awl,G7
contribution,awl,
convene,awl,G8
convention,awl,G8
converse,awl,G10
conversion,awl,
convert,awl,G6
converting,awl,
convince,awl,G5
coordinate,awl,G7
core,awl,G5
correspond,awl,G7
corresponding,awl,
create,awl,G2
creation,awl,
credit,awl,G5
crucial,awl,G7
cycle,awl,G7
data,awl,G5
debate,awl,G5
decade,awl,G5
decline,awl,G7
deduce,awl,G7
define,awl,G1
definition,awl,
demonstrate,awl,G8
denote,awl,G6
derive,awl,G6
design,awl,G2
detect,awl,G4
deviate,awl,G5
device,awl,G5
devote,awl,G6
dimension,awl,G5
dimensional,awl,
diminish,awl,G7
displace,awl,G5
displacement,awl,
display,awl,G6
disposal,awl,
dispose,awl,G6
distinct,awl,G8
distribute,awl,G7
distribution,awl,
distributive,awl,
documentary,awl,
domain,awl,G6
dominant,awl,
dominate,awl,G6
draft,awl,G5
drama,awl,G6
dynamic,awl,G5
element,awl,G2
eliminate,awl,G4
elimination,awl,
energy,awl,G2
enhance,awl,G5
enormous,awl,
equip,awl,G6
equivalent,awl,
error,awl,G1
ethic,awl,
ethnic,awl,
evaluate,awl,G7
evident,awl,
evolution,awl,G8
evolutionary,awl,
exceed,awl,G6
exclude,awl,G4
exclusive,awl,G5
exhibit,awl,G7
expand,awl,G6
explicit,awl,G6
exploit,awl,G7
exploitation,awl,
expose,awl,G4
exposure,awl,
extract,awl,G7
facilitate,awl,G6
factor,awl,G4
feature,awl,G8
federal,awl,G6
fee,awl,G2
final,awl,G1
finite,awl,G11
fluctuate,awl,G7
focus,awl,G1
format,awl,G3
formula,awl,
formulate,awl,G6
foundation,awl,G5
fragment,awl,G8
function,awl,G4
fund,awl,G5
fundamental,awl,G7
generate,awl,G7
generation,awl,G3
giant,awl,G5
global,awl,G3
globe,awl,G4
goal,awl,G1
grade,awl,G2
grader,awl,
hierarchy,awl,G7
highlight,awl,G3
hypothesis,awl,
hypothesize,awl,G8
identical,awl,G5
identify,awl,G3
identifying,awl,
identity,awl,G6
ignorance,awl,
ignorant,awl,
illegal,awl,
illustrate,awl,G5
illustration,awl,
image,awl,G2
imagery,awl,
impact,awl,G4
implicit,awl,G8
incline,awl,G9
income,awl,G2
index,awl,G6
indicate,awl,G6
infer,awl,G9
inference,awl,
infinite,awl,
inhibit,awl,G6
inhibition,awl,
initial,awl,G6
input,awl,G5
insert,awl,G7
insight,awl,G6
inspect,awl,G7
instance,awl,G6
instruct,awl,G5
instruction,awl,
integral,awl,
integrate,awl,G8
integration,awl,
integrity,awl,G7
intelligence,awl,G5
internal,awl,G4
interpret,awl,G8
interpretation,awl,
interval,awl,G4
invest,awl,G7
investigate,awl,G5
investigation,awl,
investment,awl,
invoke,awl,G6
involve,awl,G2
involving,awl,
isolate,awl,G11
issue,awl,G3
item,awl,G2
job,awl,
journal,awl,G3
justification,awl,
justify,awl,G6
label,awl,G1
labor,awl,G5
layer,awl,G2
legal,awl,G5
link,awl,G1
locate,awl,G5
location,awl,
logic,awl,G5
logical,awl,
maintain,awl,G6
manipulate,awl,G7
margin,awl,G6
mature,awl,G6
maximize,awl,G5
maximum,awl,
mechanism,awl,G5
media,awl,G3
mediate,awl,
medical,awl,
medium,awl,G5
mental,awl,G6
mentally,awl,
method,awl,G3
methodoology,awl,
military,awl,G6
minimum,awl,G4
ministry,awl,G5
minor,awl,G4
mode,awl,G7
modifier,awl,
modify,awl,G5
monitor,awl,G5
motive,awl,G5
mutual,awl,G7
negate,awl,G8
negative,awl,G1
network,awl,G5
neutral,awl,G5
norm,awl,G7
normal,awl,G3
notion,awl,G7
nuclear,awl,G6
objective,awl,
obtain,awl,G6
occupy,awl,G7
occur,awl,G2
odd,awl,G6
offset,awl,G6
ongoing,awl,G6
option,awl,G4
orient,awl,G6
outcome,awl,G2
output,awl,G5
overlap,awl,G6
panel,awl,G4
paradigm,awl,G6
parallel,awl,G8
parameter,awl,G9
participate,awl,G4
partner,awl,G2
passive,awl,G5
perception,awl,
period,awl,G3
periodic,awl,G10
perspective,awl,
phase,awl,G6
phenomena,awl,
phenomenon,awl,G9
physical,awl,
plus,awl,K
policy,awl,G5
portion,awl,G6
pose,awl,G6
positive,awl,G1
potential,awl,G6
practitioner,awl,G6
precise,awl,G5
precision,awl,
predict,awl,G6
prediction,awl,
previous,awl,G3
prime,awl,G5
principal,awl,G8
principle,awl,G7
prior,awl,G6
procedure,awl,G6
proceed,awl,G8
process,awl,G7
professional,awl,
project,awl,G7
projection,awl,
proportion,awl,G8
prospect,awl,G6
protocol,awl,G6
purchase,awl,G3
pursue,awl,G6
qualitative,awl,G9
quotation,awl,
quote,awl,G8
radical,awl,G6
random,awl,G3
randomly,awl,
range,awl,G8
ratio,awl,G8
rational,awl,G8
react,awl,G4
reaction,awl,
recover,awl,G6
region,awl,G4
register,awl,G7
regulate,awl,G4
release,awl,G7
remove,awl,G2
require,awl,G3
research,awl,G6
reside,awl,G4
resident,awl,G8
resource,awl,G5
respond,awl,G2
response,awl,
restore,awl,G6
restrain,awl,G6
restrict,awl,G6
retain,awl,G6
revenue,awl,G6
reverse,awl,G7
revise,awl,G7
revolution,awl,G7
rigid,awl,G6
rotate,awl,G8
route,awl,G5
schedule,awl,G5
section,awl,G1
sector,awl,G7
select,awl,G2
selection,awl,
sequence,awl,G7
series,awl,G7
shift,awl,G7
similar,awl,G2
similarity,awl,
similarly,awl,
simulate,awl,G8
site,awl,G2
source,awl,G2
specific,awl,G2
sphere,awl,G11
spreadsheet,awl,G7
stable,awl,G6
standardize,awl,G8
statistical,awl,
statistics,awl,G7
status,awl,G7
strategy,awl,G5
submission,awl,
submit,awl,G4
subsidy,awl,G6
substitude,awl,
substitution,awl,
successive,awl,
successor,awl,G10
sufficient,awl,
summary,awl,G4
supplement,awl,G7
supplementary,awl,
survey,awl,G12
suspend,awl,G8
suspension,awl,
sustain,awl,G8
symbol,awl,G2
symbolic,awl,
tape,awl,G2
target,awl,G3
task,awl,G3
team,awl,
technique,awl,G4
technology,awl,G2
temporar,awl,
tense,awl,G7
tension,awl,G6
terminate,awl,G4
theme,awl,G5
theoritical,awl,
theorize,awl,
theory,awl,G7
thesis,awl,G7
topic,awl,G1
trace,awl,G6
tradition,awl,G5
traditional,awl,
transform,awl,G7
transformation,awl,
transmission,awl,
transmit,awl,G7
transport,awl,G5
transportation,awl,
trend,awl,G6
trigger,awl,G7
unbias,awl,
undefined,awl,
undergo,awl,G7
underlie,awl,G4
unify,awl,G5
unique,awl,G3
unstable,awl,
utilise,awl,
valid,awl,G7
vary,awl,G5
vehicle,awl,G2
version,awl,G5
via,awl,G7
violate,awl,G7
virtual,awl,G6
vision,awl,G4
visual,awl,G6
visualize,awl,G8
volume,awl,G1
voluntary,awl,G6
volunteer,awl,G5
welfare,awl,G5
accuracy,baw,
accurate,baw,G5
adult,baw,G3
affect,baw,G2
analysis,baw,
analyze,baw,G2
annual,baw,G5
appropriate,baw,G4
approximate,baw,G3
approximately,baw,
approximation,baw,
area,baw,K
assume,baw,G4
available,baw,G2
bias,baw,G11
capacity,baw,G5
category,baw,G6
challenge,baw,G5
chapter,baw,G2
chart,baw,G4
code,baw,G4
commission,baw,G5
compatible,baw,G11
complement,baw,G8
complementary,baw,
compound,baw,G6
computation,baw,
compute,baw,G2
computer,baw,G1
computing,baw,
concept,baw,G5
conclude,baw,G2
conclusion,baw,
consist,baw,G5
constant,baw,G4
construct,baw,G2
construction,baw,
consume,baw,G5
conversion,baw,
convert,baw,G6
converting,baw,
coordinate,baw,G7
correspond,baw,G7
corresponding,baw,
create,baw,G2
creation,baw,
data,baw,G5
define,baw,G1
definition,baw,
design,baw,G2
dimension,baw,G5
dimensional,baw,
display,baw,G6
distribute,baw,G7
distribution,baw,
distributive,baw,
domain,baw,G6
element,baw,G2
eliminate,baw,G4
elimination,baw,
equivalent,baw,
error,baw,G1
evaluate,baw,G7
expand,baw,G6
factor,baw,G4
fee,baw,G2
final,baw,G1
focus,baw,G1
formula,baw,
formulate,baw,G6
function,baw,G4
generate,baw,G7
generation,baw,G3
goal,baw,G1
grade,baw,G2
grader,baw,
identify,baw,G3
identifying,baw,
identity,baw,G6
illustrate,baw,G5
illustration,baw,
image,baw,G2
income,baw,G2
index,baw,G6
indicate,baw,G6
input,baw,G5
interpret,baw,G8
interpretation,baw,
interval,baw,G4
invest,baw,G7
investigate,baw,G5
investigation,baw,
investment,baw,
involve,baw,G2
involving,baw,
item,baw,G2
job,baw,
justification,baw,
justify,baw,G6
label,baw,G1
layer,baw,G2
link,baw,G1
locate,baw,G5
location,baw,
logic,baw,G5
logical,baw,
maximize,baw,G5
maximum,baw,
mental,baw,G6
mentally,baw,
method,baw,G3
methodoology,baw,
minimum,baw,G4
mode,baw,G7
negate,baw,G8
negative,baw,G1
objective,baw,
occur,baw,G2
odd,baw,G6
option,baw,G4
outcome,baw,G2
output,baw,G5
parallel,baw,G8
period,baw,G3
plus,baw,K
portion,baw,G6
positive,baw,G1
precise,baw,G5
precision,baw,
predict,baw,G6
prediction,baw,
previous,baw,G3
prime,baw,G5
principal,baw,G8
principle,baw,G7
procedure,baw,G6
proceed,baw,G8
process,baw,G7
project,baw,G7
proportion,baw,G8
purchase,baw,G3
radical,baw,G6
random,baw,G3
randomly,baw,
range,baw,G8
ratio,baw,G8
rational,baw,G8
region,baw,G4
remove,baw,G2
require,baw,G3
research,baw,G6
resource,baw,G5
respond,baw,G2
response,baw,
reverse,baw,G7
rotate,baw,G8
route,baw,G5
section,baw,G1
sector,baw,G7
select,baw,G2
selection,baw,
sequence,baw,G7
similar,baw,G2
similarity,baw,
similarly,baw,
simulate,baw,G8
site,baw,G2
source,baw,G2
sphere,baw,G11
spreadsheet,baw,G7
statistical,baw,
statistics,baw,G7
strategy,baw,G5
substitude,baw,
substitution,baw,
summary,baw,G4
supplement,baw,G7
supplementary,baw,
survey,baw,G12
symbol,baw,G2
symbolic,baw,
tape,baw,G2
target,baw,G3
team,baw,
technique,baw,G4
technology,baw,G2
terminate,baw,G4
theoritical,baw,
theorize,baw,
theory,baw,G7
topic,baw,G1
trace,baw,G6
transform,baw,G7
transformation,baw,
trend,baw,G6
unbias,baw,
undefined,baw,
vary,baw,G5
vehicle,baw,G2
volume,baw,G1
a,k1,
able,k1,G2
about,k1,K
above,k1,K
absolute,k1,G4
accelerate,k1,G5
accord,k1,G5
account,k1,G5
acid,k1,G3
across,k1,G2
act,k1,G2
activity,k1,G1
actual,k1,G3
add,k1,G1
adult,k1,G3
advance,k1,G2
affect,k1,G2
after,k1,G1
again,k1,
against,k1,G2
age,k1,G1
ago,k1,G1
agree,k1,G1
algebra,k1,G7
all,k1,K
allow,k1,G2
almost,k1,G2
already,k1,G1
also,k1,K
although,k1,G4
always,k1,G2
am,k1,
among,k1,G2
amount,k1,G2
analyze,k1,G2
and,k1,
angle,k1,G3
another,k1,G1
answer,k1,K
any,k1,
apart,k1,G3
apply,k1,G4
appropriate,k1,G4
approximate,k1,G3
area,k1,K
around,k1,G2
as,k1,K
ask,k1,
associate,k1,G5
asymptote,k1,G10
at,k1,
atmosphere,k1,G5
atom,k1,G2
author,k1,G4
available,k1,G2
average,k1,G4
axis,k1,G8
back,k1,G2
bacterium,k1,G5
bag,k1,
balance,k1,G6
ball,k1,
bar,k1,G2
base,k1,G1
basic,k1,
be,k1,K
bear,k1,G3
because,k1,G1
become,k1,G2
before,k1,K
begin,k1,G2
behave,k1,G2
believe,k1,G2
below,k1,K
best-seller,k1,
between,k1,K
big-wig,k1,
bill,k1,G2
billion,k1,G5
biology,k1,G6
bird,k1,K
black,k1,
block,k1,G4
blood,k1,G2
body,k1,K
bond,k1,G7
bone,k1,G4
book,k1,
both,k1,K
box,k1,
boy,k1,
brain,k1,G2
branch,k1,G5
break,k1,G1
bring,k1,G1
build,k1,G2
building,k1,
but,k1,K
by,k1,K
calculate,k1,G1
call,k1,K
can,k1,
cancer,k1,G5
cannot,k1,
card,k1,G4
care,k1,G1
carry,k1,G4
cause,k1,G1
cell,k1,G4
center,k1,G2
certain,k1,G3
change,k1,K
chapter,k1,G2
characterize,k1,
charge,k1,G2
chart,k1,G4
check,k1,K
chemical,k1,
child,k1,K
choose,k1,G2
chromosome,k1,G6
circle,k1,G1
citizen,k1,G5
class,k1,G2
clear,k1,K
click,k1,G2
close,k1,G1
co-worker,k1,
coefficient,k1,G10
cold-store,k1,
collect,k1,G4
color,k1,K
column,k1,G5
combine,k1,G2
come,k1,
common,k1,G3
commons,k1,
compare,k1,G3
complete,k1,G2
component,k1,G5
composite,k1,G6
compound,k1,G6
concentrate,k1,G8
conclude,k1,G2
congress,k1,G6
congruence,k1,G12
connect,k1,G2
consist,k1,G5
constant,k1,G4
construct,k1,G2
contain,k1,G2
continent,k1,G5
continue,k1,G2
contrast,k1,G5
control,k1,G2
converge,k1,
convert,k1,G6
correct,k1,G1
correspond,k1,G7
cos,k1,
cost,k1,G2
could,k1,
count,k1,G4
course,k1,G3
cover,k1,G2
create,k1,G2
criticize,k1,G2
cross,k1,G3
culture,k1,G3
cup,k1,K
current,k1,G3
cut,k1,G1
data,k1,G5
day,k1,
death,k1,
decay,k1,G6
decide,k1,G2
decimate,k1,G5
decrease,k1,G4
deep,k1,G2
define,k1,G1
definition,k1,
degree,k1,G3
denominate,k1,G12
dense,k1,G7
depend,k1,G3
derive,k1,G6
describe,k1,G1
design,k1,G2
detail,k1,G3
determine,k1,G1
develop,k1,G2
deviate,k1,G5
diagram,k1,G4
die,k1,G1
differ,k1,K
difficulty,k1,G3
digest,k1,G5
digit,k1,G3
dimension,k1,G5
dioxide,k1,G5
direct,k1,G1
direction,k1,
discover,k1,G4
discuss,k1,G3
disease,k1,G3
display,k1,G6
dissolve,k1,G7
distance,k1,G2
distribution,k1,
divide,k1,G1
division,k1,
do,k1,
dog,k1,
domain,k1,G6
down,k1,G2
draw,k1,G1
drive,k1,G1
drop,k1,G2
due,k1,G6
during,k1,G2
each,k1,K
early,k1,K
earth,k1,G1
earthquake,k1,G5
ease,k1,
east,k1,
easy,k1,K
eat,k1,
effect,k1,G2
efficiency,k1,G4
egg,k1,
either,k1,G3
elect,k1,G3
electricity,k1,G2
electromagnet,k1,G5
electron,k1,G7
element,k1,G2
end,k1,
energy,k1,G2
engineer,k1,
enough,k1,G1
enter,k1,
entire,k1,G5
environment,k1,G1
equal,k1,G6
equate,k1,G7
equivalence,k1,G12
error,k1,G1
essence,k1,G5
even,k1,
ever,k1,G4
every,k1,
evidence,k1,G6
evolution,k1,G8
evolve,k1,G5
exact,k1,
example,k1,K
exist,k1,G4
expect,k1,G1
experience,k1,G4
explain,k1,G1
explore,k1,G2
exponent,k1,G7
express,k1,G1
extend,k1,G4
extreme,k1,G5
eye,k1,
face,k1,K
fact,k1,G1
factor,k1,G4
families,k1,
far,k1,G2
feel,k1,G1
female,k1,G1
few,k1,
field,k1,G3
figure,k1,G3
fill,k1,G2
finality,k1,
find,k1,K
fire,k1,G1
first,k1,K
fish,k1,G1
fit,k1,G2
flower,k1,K
fly,k1,K
focus,k1,G1
follow,k1,K
food,k1,K
foot,k1,G2
for,k1,
force,k1,G1
form,k1,K
formula,k1,
fossil,k1,G5
found,k1,G2
foundation,k1,G5
fraction,k1,G9
free,k1,
frequency,k1,G5
friend,k1,K
from,k1,
front,k1,G1
full,k1,G1
function,k1,G4
fungus,k1,G8
game,k1,G1
gas,k1,G2
gene,k1,G8
generalize,k1,G6
generate,k1,G7
geometry,k1,G8
get,k1,G1
give,k1,K
go,k1,
good,k1,
government,k1,G3
grade,k1,G2
graph,k1,G5
gravity,k1,G5
great,k1,G1
green,k1,K
group,k1,G1
grow,k1,G1
guide,k1,G3
hair,k1,G1
half,k1,G2
happen,k1,G2
hard,k1,
have,k1,
he,k1,
head,k1,
health,k1,G2
hear,k1,K
heart,k1,G4
height,k1,G4
help,k1,G1
here,k1,G1
high,k1,G1
history,k1,G3
hold,k1,G3
home,k1,K
horizon,k1,G7
hour,k1,
house,k1,G1
house-hold,k1,
how,k1,K
however,k1,G3
human,k1,G2
human-being,k1,
hydro-carbon,k1,
hydrogen,k1,G9
ice,k1,
idea,k1,G2
identified,k1,
if,k1,K
image,k1,G2
importance,k1,G2
in,k1,
include,k1,G1
increase,k1,G2
independence,k1,G4
indicate,k1,G6
individual,k1,G3
industrial,k1,
inequality,k1,G9
insect,k1,G5
inside,k1,G3
instead,k1,G4
integer,k1,G8
intercept,k1,G12
interpret,k1,G8
interval,k1,G4
into,k1,
introduction,k1,
inverse,k1,G11
involve,k1,G2
ion,k1,
it,k1,
item,k1,G2
just,k1,G2
keep,k1,G1
kind,k1,G2
know,k1,G1
label,k1,G1
lake,k1,K
land,k1,G2
language,k1,G2
large,k1,G1
last,k1,G1
law,k1,G1
lead,k1,G3
leaf,k1,G3
learn,k1,K
least,k1,G3
leave,k1,G1
left,k1,
length,k1,G1
less,k1,G2
lesson,k1,K
let,k1,G1
letter,k1,G1
level,k1,G1
lie,k1,G1
life,k1,G1
life-choice,k1,
life-history,k1,
lifter,k1,
light,k1,G1
light-curve,k1,
like,k1,K
limit,k1,G3
line,k1,K
linear,k1,G7
link,k1,G1
liquid,k1,G1
list,k1,G2
little,k1,
live,k1,G1
locate,k1,G5
location,k1,
log,k1,G5
lonely-heart,k1,
long,k1,
look,k1,K
lose,k1,G3
lot,k1,G1
low,k1,G2
machine,k1,G1
magnet,k1,G7
main,k1,G1
major,k1,G3
make,k1,K
mammal,k1,G5
man,k1,
manage,k1,G2
many,k1,K
map,k1,K
mark,k1,G3
mass-murderer,k1,
match,k1,G2
material,k1,G2
math,k1,G1
matrix,k1,G8
may,k1,K
mean,k1,G2
meaning,k1,
meaningful,k1,
means,k1,G2
measure,k1,G6
mechanic,k1,
median,k1,G6
meet,k1,G1
member,k1,G4
member-country,k1,
membrane,k1,G7
metal,k1,G2
meter,k1,G1
micro-climate,k1,
micro-electric,k1,
micro-fossil,k1,
mid-late,k1,
middle,k1,G1
mile,k1,G2
million,k1,G3
mineral,k1,G6
mini-city,k1,
minute,k1,G1
miss,k1,G2
mix,k1,G3
molecule,k1,G4
money-winner,k1,
moon,k1,K
more,k1,K
most,k1,G1
motion-picture,k1,
move,k1,K
much,k1,G1
multiple-unit,k1,
multiplication,k1,
multiply,k1,G1
muscle,k1,G4
must,k1,G1
name,k1,
natural,k1,G2
nature,k1,G3
near,k1,K
near-synonym,k1,
necessitate,k1,G3
need,k1,K
nerve,k1,G5
net,k1,G3
never,k1,G1
new,k1,K
next,k1,G1
night,k1,
no,k1,
nobody,k1,
non-essential,k1,
non-event,k1,
non-identity,k1,
non-local,k1,
non-male,k1,
non-national,k1,
normal,k1,G3
north,k1,G1
not,k1,
notable,k1,
note,k1,G3
notice,k1,G2
now,k1,
nucleus,k1,G9
numbers,k1,
numerator,k1,G11
object,k1,G2
observe,k1,G3
obtain,k1,G6
occur,k1,G2
ocean,k1,G2
octave-combination,k1,
odd-job,k1,
of,k1,
off,k1,G2
often,k1,
oil-spill,k1,
old,k1,
on,k1,
once,k1,G3
one,k1,
only,k1,K
open,k1,G1
oppose,k1,G3
or,k1,
order,k1,G1
ordinate,k1,G6
org,k1,
organic,k1,G5
organize,k1,G2
original,k1,
other,k1,K
out,k1,K
out-flow,k1,
outgoing,k1,
outline,k1,G3
outside,k1,G1
over,k1,G1
over-balance,k1,
over-correct,k1,
over-exercise,k1,
over-extend,k1,
over-fill,k1,
oxygen,k1,G4
page,k1,G2
pair,k1,G2
paper,k1,K
parabola,k1,G5
parallel,k1,G8
parent,k1,K
part,k1,K
particle,k1,G4
particular,k1,G3
party,k1,G1
pass,k1,G2
pattern,k1,G3
pay,k1,G1
pdf,k1,
people,k1,K
per,k1,G1
perform,k1,G4
perpendicular,k1,G11
personalize,k1,
photo,k1,G1
photo-pass,k1,
physical,k1,
picture,k1,G2
pie-chart,k1,
pine-cone,k1,
place,k1,G1
plan,k1,G2
plane,k1,G3
planet,k1,G4
plant,k1,G1
plate,k1,G1
plate-layer,k1,
play,k1,
plot,k1,G8
point,k1,K
polar,k1,G5
politic,k1,
pollute,k1,G5
polygon,k1,G10
polynomial,k1,G12
population,k1,
position,k1,G3
positive,k1,G1
possible-world,k1,
potential,k1,G6
practice,k1,G2
pre-condition,k1,
predict,k1,G6
present,k1,G3
presidency,k1,
press,k1,G1
prevent,k1,G5
previous,k1,G3
primary,k1,G2
probable,k1,
problem,k1,K
process,k1,G7
produce,k1,G1
product,k1,
property,k1,G1
property-owner,k1,
proportion,k1,G8
prose-character,k1,
protect,k1,G1
protein,k1,G7
prove,k1,G4
provide,k1,G2
pseudo-objective,k1,
pseudo-operation,k1,
public,k1,G2
pull,k1,G3
pump,k1,G5
purple-blue,k1,
purpose,k1,G5
put,k1,
quadratic,k1,G11
quantify,k1,G5
quarter,k1,G6
quick,k1,G3
radius,k1,G6
rain,k1,G1
raise,k1,G5
random,k1,G3
rate,k1,G2
rather,k1,G4
ratio,k1,G8
rational,k1,G8
ray,k1,G5
re-appear,k1,
re-assume,k1,
re-build,k1,
re-buy,k1,
re-calculate,k1,
re-charge,k1,
re-connect,k1,
re-consider,k1,
re-discover,k1,
re-form,k1,
re-found,k1,
re-heat,k1,
re-unit,k1,
re-write,k1,
reach,k1,G1
read,k1,K
real,k1,G2
reason,k1,G2
recall,k1,G5
receive,k1,G4
recognition,k1,
record,k1,G1
rectangle,k1,G4
red,k1,
reduce,k1,G3
refer,k1,G3
reflect,k1,G3
relate,k1,G1
release,k1,G7
religion,k1,G4
remain,k1,G3
remember,k1,G3
removable,k1,
render,k1,G4
repeat,k1,G1
replace,k1,G4
represent,k1,G1
require,k1,G3
research,k1,G6
resist,k1,G5
resource,k1,G5
respiration,k1,
respond,k1,G2
rest,k1,G2
result,k1,G1
retro-fit,k1,
return,k1,G3
review-article,k1,
ride,k1,G2
right,k1,G1
rise,k1,G2
river,k1,G1
rock,k1,G2
role-model,k1,
room,k1,
room-key,k1,
root,k1,G3
rotate,k1,G8
round,k1,G1
row,k1,G4
rule,k1,G2
run,k1,K
run-past,k1,
run-up,k1,
safe,k1,G2
same,k1,K
saw-mill,k1,
say,k1,
scale,k1,G8
scientific,k1,
score,k1,G5
sea-salt,k1,
sea-wind,k1,
secretary-general,k1,
see,k1,
seem,k1,G1
segment,k1,G7
select,k1,G2
self-concept,k1,
self-control,k1,
self-interest,k1,
self-reflection,k1,
self-review,k1,
self-seed,k1,
sell,k1,G1
semi-colony,k1,
semi-double,k1,
semi-final,k1,
semi-negative,k1,
send,k1,G1
sense-organ,k1,
sense-unit,k1,
sentence,k1,G1
separate,k1,G3
serve,k1,G5
set,k1,G1
several,k1,G3
sex-role,k1,
sexuality,k1,
shade,k1,G6
shall,k1,G2
share,k1,G2
she,k1,
short-change,k1,
short-circuit,k1,
short-fall,k1,
should,k1,G1
show,k1,K
side,k1,G1
side-chain,k1,
significance,k1,G4
similar,k1,G2
simple,k1,K
sin,k1,G5
since,k1,G2
sing-along,k1,
sit-com,k1,
six-year-old,k1,
size-class,k1,
skill,k1,G2
skin,k1,G2
slave-girl,k1,
slope,k1,G9
small,k1,G1
small-animal,k1,
small-scale,k1,
so,k1,K
social-science,k1,
social-service,k1,
socialism,k1,
soil,k1,G4
soil-nutrient,k1,
solar,k1,G7
solidify,k1,
solve,k1,K
some,k1,K
something,k1,K
sometime,k1,G1
song,k1,K
song-cycle,k1,
sound,k1,G2
source,k1,G2
source-text,k1,
south-westerly,k1,
space,k1,G1
special,k1,G3
species,k1,G7
specific,k1,G2
speed,k1,G2
spend,k1,G3
spread,k1,G4
spring,k1,K
square,k1,G3
stage,k1,G1
stamping-ground,k1,
stand,k1,G2
standard,k1,G2
start,k1,G2
state,k1,G3
station-building,k1,
statistic,k1,
stay,k1,G2
stem,k1,G5
step-mother,k1,
still-large,k1,
still-room,k1,
stop,k1,G1
story,k1,K
strategic,k1,
strong,k1,G2
structure,k1,G2
student,k1,K
student-teacher,k1,
study,k1,K
sub-process,k1,
sub-region,k1,
sub-rule,k1,
sub-sample,k1,
sub-section,k1,
subject,k1,G3
subject-matter,k1,
substance,k1,G3
substitute,k1,G12
subtract,k1,G1
succeed,k1,G5
such,k1,G1
sugar,k1,G1
summarize,k1,
sun-worshipper,k1,
sunlight,k1,G1
super-company,k1,
super-computer,k1,
super-power,k1,
super-store,k1,
supply,k1,G3
support,k1,G1
suppose,k1,G4
sure,k1,
surface,k1,G2
survey,k1,G12
symbol,k1,G2
symmetry,k1,G11
system,k1,K
t-short,k1,
table,k1,K
tail,k1,G5
take,k1,K
take-away,k1,
tale,k1,G3
talk,k1,G1
tall,k1,
tangency,k1,
tax,k1,G4
teach,k1,K
team,k1,
technology,k1,G2
tell,k1,
temperature,k1,G4
temple-complex,k1,
tennis-court,k1,
term,k1,G1
test,k1,
text,k1,G1
than,k1,K
that,k1,
the,k1,
theory,k1,G7
there,k1,K
therefore,k1,G3
these,k1,
they,k1,
thing,k1,
think,k1,K
this,k1,
those,k1,
though,k1,G4
thought-content,k1,
thought-experiment,k1,
thousand,k1,
three-inch,k1,
three-iron,k1,
three-month,k1,
through,k1,G1
throughout,k1,G3
thus,k1,G5
tide-mark,k1,
tie-back,k1,
time,k1,K
tissue,k1,G5
to,k1,
today,k1,
together,k1,G2
token,k1,G5
tone-poem,k1,
too,k1,G1
tool,k1,G2
top,k1,K
top-to-bottom,k1,
topic-shift,k1,
total,k1,G2
toward,k1,G4
town,k1,G1
trade,k1,G5
trait,k1,G9
translate,k1,G4
transport,k1,G5
travel,k1,G2
treat,k1,G5
tree,k1,
tri-gram,k1,
triangle,k1,G4
trouser-front,k1,
trouser-press,k1,
true,k1,G2
trust-me,k1,
try,k1,
tube,k1,G5
turn,k1,G5
twin-car,k1,
two-leg,k1,
two-piece,k1,
two-pound,k1,
two-step,k1,
type,k1,G1
type-case,k1,
typical,k1,G4
under,k1,K
understand,k1,G2
unit,k1,G1
until,k1,G3
up,k1,K
use,k1,K
usual,k1,G2
value,k1,K
variety,k1,G6
vary,k1,G5
vector,k1,G9
vertex,k1,G12
vertical,k1,G6
very,k1,G1
video,k1,G1
view,k1,G3
virus,k1,G5
visit,k1,G1
vocabulary,k1,G2
volcano,k1,G9
volume,k1,G1
vote,k1,G4
walk,k1,
wall,k1,K
want,k1,G1
war,k1,G3
warm,k1,G4
waste,k1,G1
watch,k1,G2
water,k1,K
way,k1,K
we,k1,
weather,k1,G4
week,k1,
weigh,k1,G2
weight,k1,G1
well,k1,K
west,k1,G2
what,k1,K
when,k1,K
where,k1,
whether,k1,G3
which,k1,K
while,k1,G2
white,k1,
who,k1,G1
whole,k1,G3
why,k1,K
wide,k1,G1
widen,k1,
wiki,k1,G5
will,k1,K
win,k1,G1
wind,k1,G4
with,k1,K
within,k1,G3
without,k1,G2
woman,k1,K
wood,k1,G2
word,k1,
work,k1,K
work-situation,k1,
world,k1,G1
would,k1,K
wrist,k1,G2
write,k1,K
year,k1,G1
yellow,k1,K
yes,k1,
you,k1,
young,k1,G1
zero,k1,
accept,k2,G1
adapt,k2,G5
address,k2,G1
adjacent,k2,G6
advantage,k2,G3
agriculture,k2,G3
alcohol,k2,G2
alga,k2,
alike,k2,
allele,k2,G12
allergen,k2,G9
alter,k2,
altitude,k2,G9
amendment,k2,
american,k2,
amino-acid,k2,
amphibian,k2,G9
amplitude,k2,G9
ancestor,k2,G6
ancient,k2,G4
animate,k2,G4
anniversary,k2,
anyone,k2,
anything,k2,K
appearance,k2,
aquatic,k2,G9
archaea,k2,G9
argue,k2,G5
arithmetic,k2,G11
arm,k2,K
army,k2,G3
arrive,k2,G2
arrow,k2,G6
art,k2,G1
artery,k2,G9
aspect,k2,G6
assess,k2,G5
astronomy,k2,G6
attack,k2,G1
attempt,k2,G3
attend,k2,G4
attract,k2,G5
audience,k2,G3
authority,k2,G5
avoid,k2,G3
ax,k2,
babies,k2,
background,k2,G3
bacterial,k2,
bad,k2,
bake,k2,G2
balloon,k2,G3
band,k2,K
battery,k2,G1
beat,k2,G2
beauty,k2,K
bed,k2,
behind,k2,G2
belong,k2,G4
benchmark,k2,G7
beneath,k2,G3
benefit,k2,G2
beside,k2,G2
beyond,k2,G3
bicycle,k2,G1
big,k2,
bind,k2,G2
binomial,k2,G10
biochemist,k2,G9
biodiverse,k2,
biome,k2,G11
bisect,k2,G10
board,k2,G2
boil,k2,G2
border,k2,G4
bottle,k2,G1
boundaries,k2,
bounded,k2,
bread-winner,k2,
breathe,k2,G1
breathing-space,k2,
brief,k2,G7
brighten,k2,G6
broad-bean,k2,
brother,k2,
built-in,k2,
burn,k2,G5
bus-ticket,k2,
business,k2,G3
butterfly,k2,K
button,k2,G3
buy,k2,K
cake,k2,
calcium,k2,G6
cancel,k2,
candidate,k2,G3
candy,k2,
capability,k2,G6
capillary,k2,G9
capital,k2,G3
carbohydrate,k2,G8
carrying-on,k2,
catch,k2,G3
centimeter,k2,G3
century,k2,G4
challenge,k2,G5
chance,k2,G3
checkpoint,k2,G7
chief,k2,G3
chloroplast,k2,G8
chordate,k2,G9
circulate,k2,G3
circumference,k2,G11
classification,k2,
classified,k2,
clean,k2,K
clock,k2,K
clue,k2,G6
cm,k2,
co-act,k2,
coal-tip,k2,
coffee,k2,
coin,k2,G5
coin-op,k2,
college,k2,G3
colonial,k2,
colonize,k2,
coming,k2,
commerce,k2,G6
communicate,k2,G4
commute,k2,G6
compass,k2,G8
compete,k2,G3
complement,k2,G8
complicate,k2,G3
compose,k2,G4
comprehend,k2,G2
compute,k2,G2
concern,k2,G4
condition,k2,G4
conduct,k2,G6
confide,k2,G6
configure,k2,G6
confuse,k2,G3
conic,k2,G9
conserve,k2,G6
consider,k2,G2
consume,k2,G5
consumption,k2,
contact,k2,
contract,k2,G6
contribute,k2,G7
convention,k2,G8
cook,k2,K
cool,k2,G1
copper,k2,G8
copy,k2,
copyright,k2,G5
cord,k2,G8
core,k2,G5
corn,k2,G3
correlate,k2,G7
cosine,k2,
cotton-spinner,k2,
council,k2,G6
counter-argument,k2,
courtesy,k2,G6
covalent,k2,G8
cream,k2,K
crime,k2,G3
crust,k2,G11
cry,k2,K
crystal,k2,G10
cube,k2,G5
currant,k2,
customer,k2,G3
cytoplasm,k2,G12
daily,k2,G1
damage,k2,G2
danger,k2,G2
dark,k2,K
date,k2,G2
daughter,k2,
dead,k2,G3
debate,k2,G5
decade,k2,G5
deck,k2,G6
decline,k2,G7
decompose,k2,G11
defend,k2,G3
definite,k2,G5
deliver,k2,G4
demand,k2,G5
department,k2,G2
deposit,k2,G6
depth,k2,G5
desire,k2,G3
destroy,k2,G3
detect,k2,G4
diagonal,k2,G9
diameter,k2,G5
diamond,k2,G7
diet,k2,G3
diffuse,k2,G7
dilate,k2,G11
dimensional,k2,
dinosaur,k2,G4
disagree,k2,
discrete,k2,G7
distinct,k2,G8
distinguish,k2,G7
distribute,k2,G7
district,k2,G3
diverge,k2,G7
diverse,k2,G4
dominance,k2,
door,k2,
drink,k2,
drug,k2,G2
dust,k2,G3
ear,k2,
earn,k2,
eating-disorder,k2,
eclipse,k2,G9
edge,k2,G3
education,k2,
efficient,k2,
effort,k2,G2
election,k2,
elephant,k2,
elevate,k2,G5
eliminate,k2,G4
ellipse,k2,G9
else,k2,G2
embryo,k2,G11
emit,k2,G7
empire,k2,G6
empty,k2,G1
enclose,k2,G4
encourage,k2,G4
ended,k2,
endings,k2,
endpoint,k2,G5
enjoy,k2,G1
ensure,k2,G3
environ,k2,
enzyme,k2,G6
equilibrate,k2,G7
erode,k2,G6
erupt,k2,G6
especial,k2,
establish,k2,G6
eukaryote,k2,G12
evaporate,k2,G9
eventuality,k2,
everyday,k2,
everyone,k2,K
everything,k2,
except,k2,G3
exchange,k2,G3
excite,k2,G3
exercise,k2,G3
expand,k2,G6
expanse,k2,
expend,k2,G4
experiment,k2,
expose,k2,G4
exposed,k2,
exterior,k2,G9
externality,k2,G9
extinct,k2,G7
extra,k2,G3
factory,k2,G3
fail,k2,G3
fair,k2,G2
fall,k2,G1
false,k2,G1
familiar,k2,G2
famous,k2,G2
fast,k2,G1
fat,k2,K
fault,k2,G2
favor,k2,G2
fear,k2,G2
feat,k2,K
fell,k2,
felt,k2,
fence,k2,G2
fertility,k2,
fiber,k2,G5
fish-farm,k2,
fish-finger,k2,
fix,k2,G2
flash-bulb,k2,
flight,k2,G1
flip,k2,G5
float,k2,G3
flood,k2,G2
floor,k2,G2
flowed,k2,
fluid,k2,G7
fold,k2,G7
football,k2,
foreign,k2,G3
formation,k2,
forward,k2,G1
frame,k2,G3
freeze,k2,G3
fresh,k2,G2
friction,k2,G7
frog,k2,G2
fruit,k2,G1
fuel,k2,G5
fun,k2,
fund,k2,G5
fundamental,k2,G7
future,k2,G2
gain,k2,G3
galaxy,k2,G4
gallon,k2,G7
gamete,k2,G7
gather,k2,G2
genome,k2,G9
geography,k2,G3
geology,k2,G8
giant,k2,G5
glacier,k2,G10
gland,k2,G7
glass,k2,G2
glucose,k2,G6
go-fast,k2,
goal,k2,G1
god,k2,
gold,k2,G2
govern,k2,G6
grain,k2,G9
grass,k2,G2
gray,k2,
greenhouse,k2,G4
grid,k2,G6
guess,k2,G3
guidance,k2,
habitat,k2,G4
haploid,k2,G9
happy,k2,
harm,k2,G6
hat,k2,
hearing-aid,k2,
heavy,k2,G2
hi,k2,
hide,k2,K
hill,k2,G1
himself,k2,
histogram,k2,G9
hit,k2,G1
hole,k2,G1
homeostasis,k2,G9
honey-guide,k2,
hope,k2,G1
hormone,k2,G6
horse,k2,K
host,k2,G3
houses,k2,
housing,k2,
huge,k2,G3
hunt,k2,G5
hydrocarbon,k2,G9
hyperbola,k2,G8
hypotenuse,k2,G11
i,k2,
ideal,k2,G2
identical,k2,G5
immediacy,k2,
immigrant,k2,
immune,k2,G6
improve,k2,G4
income,k2,G2
index,k2,G6
induction,k2,
infect,k2,G5
infinite,k2,
influence,k2,G5
inherit,k2,G7
iniquity,k2,
inner,k2,G5
input-output,k2,
inquire,k2,G8
instance,k2,G6
institute,k2,G7
instrument,k2,G3
integral,k2,
integrate,k2,G8
intense,k2,
inter-connection,k2,
interact,k2,G5
interest,k2,G3
interior,k2,G6
internal,k2,G4
international,k2,G3
intersect,k2,G4
intersection,k2,
intestinal,k2,
introduce,k2,G2
invert,k2,G6
invest,k2,G7
investigate,k2,G5
investigation,k2,
ion-exchange,k2,
island,k2,G2
isolate,k2,G11
isosceles,k2,G8
issue,k2,G3
join,k2,G2
journal,k2,G3
jpg,k2,
judge,k2,G2
justice,k2,G5
justify,k2,G6
kidney,k2,G5
kill,k2,G2
kilogram,k2,G3
kilometer,k2,G3
kinetic,k2,
king,k2,G4
kingdom,k2,G5
km,k2,
lab,k2,
labor,k2,G5
lack-of-pulse,k2,
land-bridge,k2,
latitude,k2,G8
lava,k2,G9
lay,k2,G5
leader,k2,
letter-collection,k2,
library,k2,G1
license,k2,G4
lipid,k2,G9
listen,k2,
literacy,k2,G6
literature,k2,G5
load,k2,G3
lock,k2,G2
logarithm,k2,G8
long-hair,k2,
loose-liver,k2,
loss,k2,
love,k2,K
lunch,k2,
lung,k2,G6
magma,k2,G9
magnitude,k2,G10
maintain,k2,G6
majority,k2,G7
mantle,k2,G10
manufacture,k2,G5
mar,k2,
marble,k2,G11
march,k2,
marine,k2,G6
mass,k2,G5
mature,k2,G6
media,k2,G3
medical,k2,
medicine,k2,G3
medium,k2,G5
mega-deal,k2,
meiosis,k2,G11
melt,k2,G6
memory-jogger,k2,
mentally,k2,
mention,k2,G6
mercury,k2,G8
message,k2,G1
metric,k2,G5
micro-instruction,k2,
microscope,k2,G3
mid-year,k2,
midpoint,k2,G7
migration,k2,
milk-yield,k2,
mind-reader,k2,
minimum,k2,G4
minute-book,k2,
mirror,k2,
mistake,k2,
mitochondria,k2,
mitosis,k2,G8
mode,k2,G7
modeled,k2,
modern,k2,G2
modify,k2,G5
mole,k2,G7
molecular,k2,
moment,k2,G2
morning,k2,
motor-vehicle,k2,
mountain,k2,G1
mountain-top,k2,
mouth,k2,K
movie,k2,
multicellular,k2,G9
museum,k2,
music,k2,G1
narrow,k2,G3
nation,k2,G3
nation-state,k2,
nearly-silence,k2,
neighbor,k2,G1
neither,k2,G4
nest,k2,G5
network,k2,G5
neuron,k2,G8
neutron,k2,G7
news-stand,k2,
newspaper,k2,G1
newton,k2,G3
night-club,k2,
nine-year-old,k2,
nitrogen,k2,G6
non-consumer,k2,
non-customer,k2,
non-decision,k2,
non-document,k2,
non-executive,k2,
non-ionic,k2,
non-native,k2,
non-writer,k2,
none,k2,G3
northern,k2,
nothing,k2,G1
nucleotide,k2,G9
null,k2,G9
numeric,k2,G4
obvious,k2,G3
occupy,k2,G7
offer,k2,G3
office,k2,G1
official,k2,G4
offspring,k2,G6
oh,k2,
onto,k2,
operate,k2,G3
opinion,k2,G3
option,k2,G4
orange,k2,G1
orbit,k2,G5
organelle,k2,G12
organization,k2,
ounce,k2,G5
outer,k2,G4
output,k2,G5
ovary,k2,G8
over-control,k2,
over-determine,k2,
over-dry,k2,
overall,k2,G4
overlap,k2,G6
own,k2,
oxidation,k2,
oxide,k2,G10
ozone,k2,G7
p-orbital,k2,
pack,k2,
pain,k2,G3
paint,k2,K
painting,k2,
pan,k2,
para-legal,k2,
para-military,k2,
paragraph,k2,G4
parameter,k2,G9
parasite,k2,G8
parenthesis,k2,G4
park,k2,
partial,k2,G5
partner,k2,G2
passage,k2,G3
path,k2,G2
pathogen,k2,G6
pencil,k2,
perfect,k2,
perhaps,k2,G3
perimeter,k2,G5
permutation,k2,
perspective,k2,
persuade,k2,G4
pet,k2,G1
peter,k2,
petro-dollar,k2,
photo-cd,k2,
photo-copy,k2,
photo-story,k2,
photograph,k2,G1
photosynthesis,k2,G10
phylum,k2,G9
physician,k2,
pick,k2,G2
pick-up,k2,
pie,k2,G1
pizza,k2,
plain,k2,G1
plasma,k2,G8
plastic,k2,G4
playing-field,k2,
please,k2,
plug,k2,G6
plus-point,k2,
poet,k2,
poison,k2,G3
policy,k2,G5
polka-dot,k2,
pollen,k2,G6
pollinate,k2,
poor,k2,G1
popular,k2,G3
portion,k2,G6
possibility,k2,
poster-opportunity,k2,
postulate,k2,G10
power,k2,G1
pre-adaptation,k2,
pre-arthropod,k2,
precipitate,k2,G5
precise,k2,G5
predator,k2,G7
prefer,k2,G4
preimage,k2,
prep,k2,
prepare,k2,G3
presence,k2,
prey,k2,G4
price,k2,
principal,k2,G8
principle,k2,G7
print,k2,G3
prior,k2,G6
prism,k2,G8
prize,k2,
prize-giving,k2,
procedural,k2,
proctor,k2,G8
profit,k2,G4
progress,k2,G3
prokaryote,k2,
promote,k2,G4
proof,k2,G3
proper,k2,G4
propose,k2,
proton,k2,G7
pseudo-device,k2,
puberty,k2,G9
publish,k2,G6
pump-prime,k2,
puppet,k2,G1
purchase,k2,G3
pure-bred,k2,
purple,k2,G2
push,k2,G1
push-bike,k2,
push-up,k2,
pyramid,k2,G6
quadrant,k2,G10
quadrilateral,k2,G11
quality,k2,
quartile,k2,G9
quite,k2,G4
quotient,k2,G4
race,k2,G2
radian,k2,G8
radiance,k2,G6
radio-phone,k2,
radio-wave,k2,
radioactive,k2,G11
rain-forest,k2,
rank,k2,G4
rapid,k2,G1
rare,k2,G5
re-absorb,k2,
re-arrange,k2,
re-arrangement,k2,
re-assign,k2,
re-attach,k2,
re-capture,k2,
re-combine,k2,
re-examine,k2,
re-fuel,k2,
re-gain,k2,
re-group,k2,
re-mark,k2,
reactant,k2,
ready,k2,G1
realize,k2,G3
recent,k2,G3
reciprocal,k2,G11
recycle,k2,G4
red-brown,k2,
regard,k2,G5
regression,k2,
reject,k2,G1
rely,k2,G4
renewable,k2,
repair,k2,G3
replicate,k2,G6
report,k2,G5
representation,k2,
representative,k2,
reproduce,k2,
reproduction,k2,
reproductive,k2,
reptile,k2,G11
reside,k2,G4
respect,k2,G2
restrict,k2,G6
reveal,k2,G8
reverse-punch,k2,
review,k2,G1
revise,k2,G7
revisit,k2,
revolt,k2,G6
rewrite,k2,
ribosomal,k2,
rich,k2,G1
riding-crop,k2,
ring,k2,G3
risk,k2,G4
rolling-pin,k2,
rope,k2,G1
rose-garden,k2,
rose-pink,k2,
rough,k2,G6
route,k2,G5
sale-room,k2,
sales-force,k2,
salt-burn,k2,
sample,k2,G2
san,k2,
sand,k2,G1
sand-hill,k2,
satellite,k2,G4
satisfy,k2,G3
save,k2,G2
scatter,k2,G6
scene,k2,G4
screen,k2,G3
sea-coast,k2,
sea-flat,k2,
sea-floor,k2,
sea-grass,k2,
search-party,k2,
season,k2,G1
seat,k2,K
sec,k2,
secondary,k2,G3
secrete,k2,G9
secure,k2,G3
sediment,k2,G9
seek,k2,G2
self,k2,G1
self-description,k2,
self-interaction,k2,
semi-conductor,k2,
semi-desert,k2,
semi-regular,k2,
senate,k2,G5
sensor,k2,G3
serious,k2,G1
setting,k2,G6
settle,k2,G6
seven-year-old,k2,
sex-war,k2,
shadow,k2,G3
shape,k2,G2
sheet,k2,G3
ship,k2,G1
shop,k2,G1
shore,k2,G2
short,k2,K
sight,k2,G4
signal,k2,G4
silver,k2,G3
simulate,k2,G8
sine,k2,G9
sink,k2,G2
sir,k2,
sit,k2,
sit-up,k2,
site,k2,G2
six-cylinder,k2,
six-hit,k2,
sixth-former,k2,
size,k2,
skeletal,k2,
sketch-pad,k2,
sky,k2,K
slave,k2,G6
sleep,k2,G1
slide,k2,G3
slight,k2,G3
slow,k2,G1
slow-match,k2,
smart-drug,k2,
smell,k2,K
smile,k2,K
smoke,k2,G1
smooth,k2,G3
snake,k2,K
snow-bank,k2,
snow-wreath,k2,
sodium,k2,G8
soft,k2,G4
soft-drink,k2,
soldier,k2,G3
solubility,k2,G9
solute,k2,
someone,k2,K
soon,k2,
sort,k2,G3
southern,k2,
space-arc,k2,
speak,k2,K
speaker,k2,
speech,k2,G3
sperm,k2,G7
sphere,k2,G11
spirit,k2,G10
split,k2,G3
sponge,k2,G7
spoon-feed,k2,
sport,k2,
spy-fly,k2,
staging-post,k2,
stand-alone,k2,
station,k2,G7
steam-engine,k2,
steel-worker,k2,
step-daughter,k2,
step-father,k2,
step-sister,k2,
step-son,k2,
stick,k2,G6
still-birth,k2,
stimulant,k2,
stock-take,k2,
stomach,k2,G4
stone-thrower,k2,
storage,k2,G3
straight-jacket,k2,
strand,k2,G9
stream-water,k2,
street-corner,k2,
street-fight,k2,
street-woman,k2,
strength,k2,
stretch,k2,G4
strike,k2,G7
string,k2,G7
style,k2,G3
sub-program,k2,
sub-project,k2,
sub-sector,k2,
sub-shell,k2,
sub-sub-committee,k2,
substitution,k2,
subtraction,k2,
succession,k2,G9
sudden,k2,G1
suggest,k2,G2
summer,k2,K
sunshine,k2,G2
super-market,k2,
supplement,k2,G7
supreme,k2,G7
surprise,k2,G1
surround,k2,G6
swim,k2,G1
swimming-pool,k2,
synthesis,k2,
t-shirt,k2,
tan,k2,G7
target,k2,G3
taste,k2,G1
teacher-researcher,k2,
technique,k2,G4
telescope,k2,G4
ten-foot,k2,
ten-year-old,k2,
tenant-farmer,k2,
tend,k2,G6
tens,k2,
terminal,k2,G3
thank,k2,
theme,k2,G5
themselves,k2,
thermal,k2,G8
thick,k2,G3
thin,k2,K
threat,k2,G5
throw,k2,G3
thunder-cloud,k2,
thunder-storm,k2,
ticket,k2,G1
tidal,k2,
tide,k2,G6
tile,k2,G2
tiny,k2,G2
tip,k2,K
tire,k2,G1
tit-bit,k2,
title,k2,G3
toffee-apple,k2,
toilet-roll,k2,
tom-cat,k2,
ton,k2,G6
tooth,k2,
topic,k2,G1
toss,k2,G7
totem-pole,k2,
touch,k2,G1
toxin,k2,
trace,k2,G6
tradition,k2,G5
train,k2,G1
transcribe,k2,G8
transfer,k2,G6
transit,k2,G8
transmit,k2,G7
trap,k2,G5
trapezoid,k2,G11
trial,k2,G6
trigonometry,k2,G5
trip,k2,G1
triple,k2,G9
tropics,k2,
trouble-spot,k2,
trumpet-player,k2,
trunk-road,k2,
truth-claim,k2,
twice,k2,G2
two-shoe,k2,
tying,k2,
undergo,k2,G7
underline,k2,G4
union,k2,G3
unique,k2,G3
universe,k2,G2
university,k2,G4
unless,k2,G2
unlike,k2,
upon,k2,G3
upper,k2,G2
upward,k2,G4
utilize,k2,G7
valley,k2,G3
vapor,k2,
vascular,k2,G11
vehicle,k2,G2
velocity,k2,G10
verb,k2,
vertebrate,k2,G7
vessel,k2,G6
village,k2,G3
violate,k2,G7
vision,k2,G4
visual,k2,G6
vitamin,k2,G3
voice,k2,G3
voltage,k2,
voluntary,k2,G6
wait,k2,G1
warn,k2,G3
wash,k2,K
wavelength,k2,G11
weak,k2,G1
wealth,k2,G1
wear,k2,G2
web,k2,G3
wet,k2,K
whatever,k2,G2
wheel,k2,G3
whenever,k2,G3
whisker,k2,
whose,k2,G3
wife,k2,G1
wild,k2,G1
window,k2,K
wing,k2,G2
winter,k2,K
wire,k2,G6
wish,k2,
wonder,k2,G4
workbook,k2,
worm,k2,G1
worth,k2,G3
wrap,k2,G8
wrong,k2,
yard,k2,G1
yet,k2,G3
yield,k2,G7
zone,k2,G7
